no,ticker,name,industry_code,industry
1,060310,3S,032902,특수 목적용 기계 제조업
2,054620,APS홀딩스,116409,기타 금융업
3,265520,AP시스템,032902,특수 목적용 기계 제조업
4,211270,AP위성,032604,통신 및 방송 장비 제조업
5,032040,C&S자산관리,147509,기타 사업지원 서비스업
6,130960,CJ E&M,106002,텔레비전 방송업
7,035760,CJ오쇼핑,106002,텔레비전 방송업
8,051500,CJ프레시웨이,074603,음·식료품 및 담배 도매업
9,058820,CMG제약,032102,의약품 제조업
10,023460,CNH,116402,신탁업 및 집합투자업
11,065770,CS,032604,통신 및 방송 장비 제조업
12,083660,CSA 코스믹,032202,플라스틱제품 제조업
13,045890,DB라이텍,032804,전구 및 조명장치 제조업
14,068790,DMS,032902,특수 목적용 기계 제조업
15,241520,DSC인베스트먼트,116402,신탁업 및 집합투자업
16,037370,EG,074607,기타 전문 도매업
17,079190,EMW,032604,통신 및 방송 장비 제조업
18,130500,GH신소재,031309,기타 섬유제품 제조업
19,032860,GMR 머티리얼즈,053803,"해체, 선별 및 원료 재생업"
20,900290,GRT,116409,기타 금융업
21,083450,GST,032902,특수 목적용 기계 제조업
22,028150,GS홈쇼핑,106002,텔레비전 방송업
23,078150,HB테크놀러지,032902,특수 목적용 기계 제조업
24,036640,HRS,032002,합성고무 및 플라스틱 물질 제조업
25,225430,IBKS제3호스팩,116601,금융 지원 서비스업
26,254120,IBKS제5호스팩,116601,금융 지원 서비스업
27,264850,IBKS제6호스팩,116601,금융 지원 서비스업
28,276920,IBKS제7호스팩,116601,금융 지원 서비스업
29,277410,IBKS제8호스팩,116601,금융 지원 서비스업
30,095340,ISC,032602,전자부품 제조업
31,099520,ITX엠투엠,032605,영상 및 음향기기 제조업
32,067290,JW신약,032102,의약품 제조업
33,035900,JYP Ent.,105902,오디오물 출판 및 원판 녹음업
34,024120,KB오토시스,033003,자동차 신품 부품 제조업
35,021320,KCC건설,064101,건물 건설업
36,036670,KCI,032004,기타 화학제품 제조업
37,044180,KD건설,064101,건물 건설업
38,151860,KG ETS,053802,폐기물 처리업
39,046440,KG모빌리언스,105802,소프트웨어 개발 및 공급업
40,035600,KG이니시스,105802,소프트웨어 개발 및 공급업
41,060720,KH바텍,032602,전자부품 제조업
42,083470,KJ프리텍,032202,플라스틱제품 제조업
43,122450,KMH,106002,텔레비전 방송업
44,052900,KMH하이텍,032202,플라스틱제품 제조업
45,058400,KNN,106002,텔레비전 방송업
46,114450,KPX생명과학,032101,기초 의약물질 및 생물학적 제제 제조업
47,036030,KTH,106102,전기 통신업
48,060370,KT서브마린,064203,전기 및 통신 공사업
49,065150,MP그룹,074603,음·식료품 및 담배 도매업
50,219550,MP한강,074604,생활용품 도매업
51,160550,NEW,105901,"영화, 비디오물, 방송프로그램 제작 및 배급업"
52,053290,NE능률,105801,"서적, 잡지 및 기타 인쇄물 출판업"
53,104200,NHN벅스,106309,기타 정보 서비스업
54,060250,NHN한국사이버결제,106309,기타 정보 서비스업
55,030190,NICE평가정보,106309,기타 정보 서비스업
56,024940,PN풍년,032509,기타 금속 가공제품 제조업
57,218410,RFHIC,032604,통신 및 방송 장비 제조업
58,091340,S&K폴리텍,032602,전자부품 제조업
59,019550,SBI인베스트먼트,116402,신탁업 및 집합투자업
60,950110,SBI핀테크솔루션즈,105802,소프트웨어 개발 및 공급업
61,046140,SBS콘텐츠허브,105901,"영화, 비디오물, 방송프로그램 제작 및 배급업"
62,036120,SCI평가정보,147509,기타 사업지원 서비스업
63,099220,SDN,074605,기계장비 및 관련 물품 도매업
64,036540,SFA반도체,032601,반도체 제조업
65,255220,SG,032309,기타 비금속 광물제품 제조업
66,040610,SG&G,033003,자동차 신품 부품 제조업
67,049470,SGA,105802,소프트웨어 개발 및 공급업
68,184230,SGA솔루션즈,105802,소프트웨어 개발 및 공급업
69,090730,SIMPAC Metal,032401,1차 철강 제조업
70,232330,SK3호스팩,116601,금융 지원 서비스업
71,057500,SKC 솔믹스,032602,전자부품 제조업
72,178920,SKC코오롱PI,032202,플라스틱제품 제조업
73,036490,SK머티리얼즈,032001,기초 화학물질 제조업
74,052260,SK바이오랜드,032004,기타 화학제품 제조업
75,048550,SM C&C,105901,"영화, 비디오물, 방송프로그램 제작 및 배급업"
76,089230,THE E&M,106309,기타 정보 서비스업
77,032540,TJ미디어,032605,영상 및 음향기기 제조업
78,048770,TPC,032901,일반 목적용 기계 제조업
79,038340,UCI,032802,일차전지 및 축전지 제조업
80,052300,W홀딩컴퍼니,085209,기타 운송관련 서비스업
81,040300,YTN,105901,"영화, 비디오물, 방송프로그램 제작 및 배급업"
82,051390,YW,074608,상품 종합 도매업
83,052220,iMBC,106301,"자료처리, 호스팅, 포털 및 기타 인터넷 정보매개 서비스업"
84,079940,가비아,105802,소프트웨어 개발 및 공급업
85,078890,가온미디어,032604,통신 및 방송 장비 제조업
86,192410,감마누,032604,통신 및 방송 장비 제조업
87,024840,갑을메탈,032402,1차 비철금속 제조업
88,217730,강스템바이오텍,032101,기초 의약물질 및 생물학적 제제 제조업
89,094480,갤럭시아컴즈,105802,소프트웨어 개발 및 공급업
90,063080,게임빌,116409,기타 금융업
91,039240,경남스틸,032401,1차 철강 제조업
92,053950,경남제약,032102,의약품 제조업
93,011040,경동제약,032102,의약품 제조업
94,024910,경창산업,033003,자동차 신품 부품 제조업
95,089890,고려반도체,032902,특수 목적용 기계 제조업
96,198440,고려시멘트,032303,"시멘트, 석회, 플라스터 및 그 제품 제조업"
97,049720,고려신용정보,147509,기타 사업지원 서비스업
98,014570,고려제약,032102,의약품 제조업
99,098460,고영,032902,특수 목적용 기계 제조업
100,038530,골드퍼시픽,074604,생활용품 도매업
101,219580,골든브릿지제3호스팩,116601,금융 지원 서비스업
102,227950,골든브릿지제4호스팩,116601,금융 지원 서비스업
103,900280,골든센츄리,116409,기타 금융업
104,215000,골프존,105802,소프트웨어 개발 및 공급업
105,121440,골프존뉴딘,116409,기타 금융업
106,014200,광림,033001,자동차용 엔진 및 자동차 제조업
107,026910,광진실업,032401,1차 철강 제조업
108,090150,광진윈텍,033003,자동차 신품 부품 제조업
109,223040,교보5호스팩,116601,금융 지원 서비스업
110,267320,교보7호스팩,116601,금융 지원 서비스업
111,242040,교보비엔케이스팩,116601,금융 지원 서비스업
112,053270,구영테크,033003,자동차 신품 부품 제조업
113,066620,국보디자인,064204,실내건축 및 건축마무리 공사업
114,043650,국순당,031101,알코올음료 제조업
115,006050,국영지앤엠,032301,유리 및 유리제품 제조업
116,060480,국일신동,032402,1차 비철금속 제조업
117,078130,국일제지,031709,기타 종이 및 판지 제품 제조업
118,019010,그랜드백화점,074701,종합 소매업
119,900070,글로벌에스엠,116409,기타 금융업
120,204620,글로벌텍스프리,116601,금융 지원 서비스업
121,019660,글로본,074608,상품 종합 도매업
122,053260,금강철강,032401,1차 철강 제조업
123,036190,금화피에스시,064203,전기 및 통신 공사업
124,049080,기가레인,032902,특수 목적용 기계 제조업
125,035460,기산텔레콤,032604,통신 및 방송 장비 제조업
126,187790,나노,032001,기초 화학물질 제조업
127,151910,나노스,032703,사진장비 및 광학기기 제조업
128,121600,나노신소재,032004,기타 화학제품 제조업
129,039860,나노엔텍,032701,의료용 기기 제조업
130,091970,나노캠텍,032202,플라스틱제품 제조업
131,051490,나라엠앤디,032902,특수 목적용 기계 제조업
132,190510,나무가,032602,전자부품 제조업
133,089600,나스미디어,137103,광고업
134,138610,나이벡,032103,의료용품 및 기타 의약 관련제품 제조업
135,130580,나이스디앤비,147509,기타 사업지원 서비스업
136,036800,나이스정보통신,106102,전기 통신업
137,091590,남화토건,064101,건물 건설업
138,168330,내츄럴엔도텍,137001,자연과학 및 공학 연구개발업
139,072770,네오디안테크놀로지,106201,"컴퓨터 프로그래밍, 시스템 통합 및 관리업"
140,212560,네오오토,033003,자동차 신품 부품 제조업
141,095660,네오위즈,105802,소프트웨어 개발 및 공급업
142,042420,네오위즈홀딩스,116409,기타 금융업
143,085910,네오티스,033003,자동차 신품 부품 제조업
144,092730,네오팜,032004,기타 화학제품 제조업
145,153460,네이블커뮤니케이션즈,105802,소프트웨어 개발 및 공급업
146,007390,네이처셀,031102,비알코올음료 및 얼음 제조업
147,033640,네패스,032601,반도체 제조업
148,087730,네패스신소재,032002,합성고무 및 플라스틱 물질 제조업
149,073070,넥센테크,033003,자동차 신품 부품 제조업
150,081970,넥스지,105802,소프트웨어 개발 및 공급업
151,089140,넥스턴,032902,특수 목적용 기계 제조업
152,065170,넥스트BT,074603,음·식료품 및 담배 도매업
153,139670,넥스트리밍,105802,소프트웨어 개발 및 공급업
154,051980,넥스트바이오홀딩스,032604,통신 및 방송 장비 제조업
155,137940,넥스트아이,032702,"측정, 시험, 항해, 제어 및 기타 정밀기기 제조업; 광학기기 제외"
156,092600,넥스트칩,032601,반도체 제조업
157,041140,넥슨지티,105802,소프트웨어 개발 및 공급업
158,217270,넵튠,105802,소프트웨어 개발 및 공급업
159,225570,넷게임즈,105802,소프트웨어 개발 및 공급업
160,144510,녹십자랩셀,137309,"그외 기타 전문, 과학 및 기술 서비스업"
161,031390,녹십자셀,032101,기초 의약물질 및 생물학적 제제 제조업
162,142280,녹십자엠에스,032103,의료용품 및 기타 의약 관련제품 제조업
163,065560,녹원씨아이,074607,기타 전문 도매업
164,054050,농우바이오,010101,작물 재배업
165,040160,누리텔레콤,105802,소프트웨어 개발 및 공급업
166,069140,누리플랜,032501,"구조용 금속제품, 탱크 및 증기발생기 제조업"
167,126870,뉴로스,032901,일반 목적용 기계 제조업
168,060260,뉴보텍,032202,플라스틱제품 제조업
169,012340,뉴인텍,032602,전자부품 제조업
170,222040,뉴트리바이오텍,031007,기타 식품 제조업
171,144960,뉴파워프라즈마,032902,특수 목적용 기계 제조업
172,900100,뉴프라이드,074502,자동차 부품 및 내장품 판매업
173,085670,뉴프렉스,032602,전자부품 제조업
174,222810,닉스테크,105802,소프트웨어 개발 및 공급업
175,119860,다나와,105802,소프트웨어 개발 및 공급업
176,064260,다날,105802,소프트웨어 개발 및 공급업
177,093640,다믈멀티미디어,032601,반도체 제조업
178,039560,다산네트웍스,032604,통신 및 방송 장비 제조업
179,032190,다우데이타,074605,기계장비 및 관련 물품 도매업
180,068240,다원시스,032801,"전동기, 발전기 및 전기 변환 · 공급 · 제어 장치 제조업"
181,020400,대동금속,032403,금속 주조업
182,008830,대동기어,032902,특수 목적용 기계 제조업
183,048470,대동스틸,032401,1차 철강 제조업
184,004780,대륙제관,032509,기타 금속 가공제품 제조업
185,017650,대림제지,031709,기타 종이 및 판지 제품 제조업
186,007720,대명코퍼레이션,074608,상품 종합 도매업
187,078140,대봉엘에스,032102,의약품 제조업
188,036480,대성미생물,032102,의약품 제조업
189,025440,대성엘텍,032605,영상 및 음향기기 제조업
190,027830,대성창투,116402,신탁업 및 집합투자업
191,104040,대성파인텍,033003,자동차 신품 부품 제조업
192,262830,대신밸런스제4호스팩,116601,금융 지원 서비스업
193,020180,대신정보통신,106201,"컴퓨터 프로그래밍, 시스템 통합 및 관리업"
194,045390,대아티아이,105802,소프트웨어 개발 및 공급업
195,108380,대양전기공업,033101,선박 및 보트 건조업
196,006580,대양제지,031701,"펄프, 종이 및 판지 제조업"
197,007680,대원,064101,건물 건설업
198,048910,대원미디어,105901,"영화, 비디오물, 방송프로그램 제작 및 배급업"
199,005710,대원산업,033003,자동차 신품 부품 제조업
200,071460,대유위니아,032805,가정용 기기 제조업
201,120240,대정화금,032001,기초 화학물질 제조업
202,003310,대주산업,031008,동물용 사료 및 조제식품 제조업
203,078600,대주전자재료,032602,전자부품 제조업
204,065690,대진디엠피,032201,고무제품 제조업
205,096350,대창솔루션,032501,"구조용 금속제품, 탱크 및 증기발생기 제조업"
206,140520,대창스틸,032401,1차 철강 제조업
207,131220,대한과학,074605,기계장비 및 관련 물품 도매업
208,010170,대한광통신,032803,절연선 및 케이블 제조업
209,054670,대한뉴팜,032102,의약품 제조업
210,023910,대한약품,032102,의약품 제조업
211,021040,대호피앤씨,032401,1차 철강 제조업
212,067080,대화제약,032102,의약품 제조업
213,192080,더블유게임즈,105802,소프트웨어 개발 및 공급업
214,035290,더블유에프엠,105801,"서적, 잡지 및 기타 인쇄물 출판업"
215,213420,덕산네오룩스,032602,전자부품 제조업
216,077360,덕산하이메탈,116409,기타 금융업
217,090410,덕신하우징,032501,"구조용 금속제품, 탱크 및 증기발생기 제조업"
218,263600,덕우전자,032602,전자부품 제조업
219,194480,데브시스터즈,105802,소프트웨어 개발 및 공급업
220,263800,데이타솔루션,106201,"컴퓨터 프로그래밍, 시스템 통합 및 관리업"
221,017680,데코앤이,031401,봉제의복 제조업
222,206560,덱스터,105901,"영화, 비디오물, 방송프로그램 제작 및 배급업"
223,067990,도이치모터스,074501,자동차 판매업
224,100130,동국S&C,032501,"구조용 금속제품, 탱크 및 증기발생기 제조업"
225,005160,동국산업,032401,1차 철강 제조업
226,075970,동국알앤에스,032309,기타 비금속 광물제품 제조업
227,086450,동국제약,032102,의약품 제조업
228,099410,동방선기,033101,선박 및 보트 건조업
229,226440,동부스팩3호,116601,금융 지원 서비스업
230,281740,동부스팩5호,116601,금융 지원 서비스업
231,230490,동부제4호스팩,116601,금융 지원 서비스업
232,033500,동성화인텍,032001,기초 화학물질 제조업
233,025950,동신건설,064102,토목 건설업
234,088130,동아엘텍,032902,특수 목적용 기계 제조업
235,041930,동아화성,032201,고무제품 제조업
236,060380,동양에스텍,032401,1차 철강 제조업
237,079960,동양이엔피,032801,"전동기, 발전기 및 전기 변환 · 공급 · 제어 장치 제조업"
238,228340,동양파일,032303,"시멘트, 석회, 플라스터 및 그 제품 제조업"
239,104460,동양피엔에프,032901,일반 목적용 기계 제조업
240,088910,동우팜투테이블,031001,"도축, 육류 가공 및 저장 처리업"
241,094170,동운아나텍,032601,반도체 제조업
242,013120,동원개발,064101,건물 건설업
243,109860,동일금속,032403,금속 주조업
244,032960,동일기연,032602,전자부품 제조업
245,023790,동일철강,032401,1차 철강 제조업
246,005290,동진쎄미켐,032001,기초 화학물질 제조업
247,025900,동화기업,031602,나무제품 제조업
248,078590,두올산업,033003,자동차 신품 부품 제조업
249,030350,드래곤플라이,105802,소프트웨어 개발 및 공급업
250,203650,드림시큐리티,105802,소프트웨어 개발 및 공급업
251,217620,디딤,095601,음식점업
252,187870,디바이스이엔지,032902,특수 목적용 기계 제조업
253,073190,디비케이,033201,가구 제조업
254,066670,디스플레이텍,032602,전자부품 제조업
255,214680,디알텍,032701,의료용 기기 제조업
256,263720,디앤씨미디어,105801,"서적, 잡지 및 기타 인쇄물 출판업"
257,109740,디에스케이,032902,특수 목적용 기계 제조업
258,033430,디에스티,074607,기타 전문 도매업
259,090710,디에스티로봇,032902,특수 목적용 기계 제조업
260,131030,디에이치피코리아,032102,의약품 제조업
261,196490,디에이테크놀로지,032902,특수 목적용 기계 제조업
262,066900,디에이피,032602,전자부품 제조업
263,127120,디엔에이링크,137001,자연과학 및 공학 연구개발업
264,092070,디엔에프,032004,기타 화학제품 제조업
265,101000,디엠씨,032902,특수 목적용 기계 제조업
266,134580,디엠티,032604,통신 및 방송 장비 제조업
267,039840,디오,032701,의료용 기기 제조업
268,079810,디이엔티,032902,특수 목적용 기계 제조업
269,113810,디젠스,033003,자동차 신품 부품 제조업
270,043360,디지아이,032603,컴퓨터 및 주변장치 제조업
271,106520,디지탈옵틱,032703,사진장비 및 광학기기 제조업
272,068930,디지털대성,168505,일반 교습 학원
273,033130,디지틀조선,106301,"자료처리, 호스팅, 포털 및 기타 인터넷 정보매개 서비스업"
274,033310,디케이디앤아이,032509,기타 금속 가공제품 제조업
275,105740,디케이락,032901,일반 목적용 기계 제조업
276,187220,디티앤씨,137209,기타 과학기술 서비스업
277,131180,딜리,032603,컴퓨터 및 주변장치 제조업
278,042510,라온시큐어,105802,소프트웨어 개발 및 공급업
279,050120,라이브플렉스,074604,생활용품 도매업
280,171120,라이온켐텍,032004,기타 화학제품 제조업
281,069540,라이트론,032604,통신 및 방송 장비 제조업
282,171010,램테크놀러지,032001,기초 화학물질 제조업
283,084650,랩지노믹스,137001,자연과학 및 공학 연구개발업
284,141080,레고켐바이오,137001,자연과학 및 공학 연구개발업
285,060300,레드로버,105901,"영화, 비디오물, 방송프로그램 제작 및 배급업"
286,038390,레드캡투어,147502,여행사 및 기타 여행보조 서비스업
287,228850,레이언스,032701,의료용 기기 제조업
288,047440,레이젠,032602,전자부품 제조업
289,238120,로고스바이오,032703,사진장비 및 광학기기 제조업
290,215100,로보로보,032809,기타 전기장비 제조업
291,090360,로보스타,032902,특수 목적용 기계 제조업
292,900260,로스웰,116409,기타 금융업
293,016170,로엔,031802,기록매체 복제업
294,067730,로지시스,106201,"컴퓨터 프로그래밍, 시스템 통합 및 관리업"
295,071280,로체시스템즈,032801,"전동기, 발전기 및 전기 변환 · 공급 · 제어 장치 제조업"
296,038060,루멘스,032601,반도체 제조업
297,082800,루미마이크로,032601,반도체 제조업
298,085370,루트로닉,032701,의료용 기기 제조업
299,060240,룽투코리아,105802,소프트웨어 개발 및 공급업
300,058470,리노공업,032602,전자부품 제조업
301,039980,리노스,074704,"섬유, 의복, 신발 및 가죽제품 소매업"
302,016100,리더스코스메틱,032004,기타 화학제품 제조업
303,197210,리드,032902,특수 목적용 기계 제조업
304,012700,리드코프,074607,기타 전문 도매업
305,131100,리켐,032001,기초 화학물질 제조업
306,042500,링네트,106201,"컴퓨터 프로그래밍, 시스템 통합 및 관리업"
307,098120,마이크로컨텍솔,032602,전자부품 제조업
308,147760,마이크로프랜드,032702,"측정, 시험, 항해, 제어 및 기타 정밀기기 제조업; 광학기기 제외"
309,035480,마제스타,189102,유원지 및 기타 오락관련 서비스업
310,038290,마크로젠,137309,"그외 기타 전문, 과학 및 기술 서비스업"
311,267980,매일유업,031005,낙농제품 및 식용빙과류 제조업
312,005990,매일홀딩스,116409,기타 금융업
313,127160,매직마이크로,032602,전자부품 제조업
314,093520,매커스,074605,기계장비 및 관련 물품 도매업
315,141070,맥스로텍,032902,특수 목적용 기계 제조업
316,067280,멀티캠퍼스,168506,기타 교육기관
317,072870,메가스터디,105801,"서적, 잡지 및 기타 인쇄물 출판업"
318,215200,메가스터디교육,168505,일반 교습 학원
319,133750,메가엠디,168505,일반 교습 학원
320,041920,메디아나,032701,의료용 기기 제조업
321,086900,메디톡스,032101,기초 의약물질 및 생물학적 제제 제조업
322,078160,메디포스트,032101,기초 의약물질 및 생물학적 제제 제조업
323,065650,메디프론,074605,기계장비 및 관련 물품 도매업
324,021880,메이슨캐피탈,116409,기타 금융업
325,140410,메지온,137001,자연과학 및 공학 연구개발업
326,241770,메카로,032004,기타 화학제품 제조업
327,059210,메타바이오메드,032103,의료용품 및 기타 의약 관련제품 제조업
328,058110,멕아이씨에스,032701,의료용 기기 제조업
329,096640,멜파스,032602,전자부품 제조업
330,149940,모다,032604,통신 및 방송 장비 제조업
331,080420,모다이노칩,032602,전자부품 제조업
332,080160,모두투어,147502,여행사 및 기타 여행보조 서비스업
333,100030,모바일리더,105802,소프트웨어 개발 및 공급업
334,087260,모바일어플라이언스,105802,소프트웨어 개발 및 공급업
335,101330,모베이스,032604,통신 및 방송 장비 제조업
336,250060,모비스,106201,"컴퓨터 프로그래밍, 시스템 통합 및 관리업"
337,033200,모아텍,032602,전자부품 제조업
338,118990,모트렉스,033003,자동차 신품 부품 제조업
339,006920,모헨즈,032303,"시멘트, 석회, 플라스터 및 그 제품 제조업"
340,001810,무림SP,031701,"펄프, 종이 및 판지 제조업"
341,161570,미동앤씨네마,032605,영상 및 음향기기 제조업
342,028040,미래SCI,032309,기타 비금속 광물제품 제조업
343,095500,미래나노텍,032202,플라스틱제품 제조업
344,218150,미래생명자원,031008,동물용 사료 및 조제식품 제조업
345,265480,미래에셋대우스팩1호,116601,금융 지원 서비스업
346,239340,미래에셋제5호스팩,116601,금융 지원 서비스업
347,049950,미래컴퍼니,032902,특수 목적용 기계 제조업
348,213090,미래테크놀로지,105802,소프트웨어 개발 및 공급업
349,207760,미스터블루,106309,기타 정보 서비스업
350,059090,미코,032601,반도체 제조업
351,201490,미투온,105802,소프트웨어 개발 및 공급업
352,214180,민앤지,106309,기타 정보 서비스업
353,206640,바디텍메드,032103,의료용품 및 기타 의약 관련제품 제조업
354,018700,바른손,095601,음식점업
355,035620,바른손이앤에이,105802,소프트웨어 개발 및 공급업
356,064520,바른전자,032601,반도체 제조업
357,029480,바른테크놀로지,032604,통신 및 방송 장비 제조업
358,053030,바이넥스,032102,의약품 제조업
359,084990,바이로메드,137001,자연과학 및 공학 연구개발업
360,064550,바이오니아,032103,의료용품 및 기타 의약 관련제품 제조업
361,208710,바이오로그디바이스,032602,전자부품 제조업
362,142760,바이오리더스,137001,자연과학 및 공학 연구개발업
363,065940,바이오빌,032001,기초 화학물질 제조업
364,038460,바이오스마트,032602,전자부품 제조업
365,044480,바이오제네틱스,032201,고무제품 제조업
366,086040,바이오톡스텍,137001,자연과학 및 공학 연구개발업
367,032980,바이온,074603,음·식료품 및 담배 도매업
368,043150,바텍,032701,의료용 기기 제조업
369,267790,배럴,031401,봉제의복 제조업
370,046310,백금T&A,032604,통신 및 방송 장비 제조업
371,036620,버추얼텍,074607,기타 전문 도매업
372,177350,베셀,032902,특수 목적용 기계 제조업
373,225530,보광산업,020701,토사석 광업
374,250000,보라티알,074603,음·식료품 및 담배 도매업
375,014100,보령메디앙스,032004,기타 화학제품 제조업
376,006910,보성파워텍,032501,"구조용 금속제품, 탱크 및 증기발생기 제조업"
377,014470,부방,116409,기타 금융업
378,008470,부스타,032501,"구조용 금속제품, 탱크 및 증기발생기 제조업"
379,100120,뷰웍스,032701,의료용 기기 제조업
380,066980,브레인콘텐츠,106309,기타 정보 서비스업
381,064480,브리지텍,105802,소프트웨어 개발 및 공급업
382,251630,브이원텍,032902,특수 목적용 기계 제조업
383,033560,블루콤,032605,영상 및 음향기기 제조업
384,121800,비덴트,032604,통신 및 방송 장비 제조업
385,148140,비디아이,032901,일반 목적용 기계 제조업
386,200780,비씨월드제약,032102,의약품 제조업
387,141000,비아트론,032902,특수 목적용 기계 제조업
388,090460,비에이치,032602,전자부품 제조업
389,083650,비에이치아이,032901,일반 목적용 기계 제조업
390,086670,비엠티,032901,일반 목적용 기계 제조업
391,138580,비즈니스온,105802,소프트웨어 개발 및 공급업
392,082920,비츠로셀,032802,일차전지 및 축전지 제조업
393,054220,비츠로시스,032801,"전동기, 발전기 및 전기 변환 · 공급 · 제어 장치 제조업"
394,042370,비츠로테크,116409,기타 금융업
395,032850,비트컴퓨터,105802,소프트웨어 개발 및 공급업
396,093190,빅솔론,032603,컴퓨터 및 주변장치 제조업
397,065450,빅텍,032702,"측정, 시험, 항해, 제어 및 기타 정밀기기 제조업; 광학기기 제외"
398,072950,빛샘전자,032602,전자부품 제조업
399,143240,사람인에이치알,106301,"자료처리, 호스팅, 포털 및 기타 인터넷 정보매개 서비스업"
400,123260,사파이어테크놀로지,032601,반도체 제조업
401,100090,삼강엠앤티,032401,1차 철강 제조업
402,122350,삼기오토모티브,033003,자동차 신품 부품 제조업
403,014970,삼륭물산,031702,"골판지, 종이 상자 및 종이용기 제조업"
404,018310,삼목에스폼,032501,"구조용 금속제품, 탱크 및 증기발생기 제조업"
405,053700,삼보모터스,033003,자동차 신품 부품 제조업
406,009620,삼보산업,032402,1차 비철금속 제조업
407,023600,삼보판지,031701,"펄프, 종이 및 판지 제조업"
408,111870,삼본정밀전자,032605,영상 및 음향기기 제조업
409,009300,삼아제약,032102,의약품 제조업
410,225190,삼양옵틱스,032703,사진장비 및 광학기기 제조업
411,054540,삼영엠텍,032501,"구조용 금속제품, 탱크 및 증기발생기 제조업"
412,065570,삼영이엔씨,032604,통신 및 방송 장비 제조업
413,082660,삼우엠스,032604,통신 및 방송 장비 제조업
414,073640,삼원테크,032509,기타 금속 가공제품 제조업
415,032280,삼일,084903,도로 화물 운송업
416,002290,삼일기업공사,064101,건물 건설업
417,037460,삼지전자,032604,통신 및 방송 장비 제조업
418,032750,삼진,032604,통신 및 방송 장비 제조업
419,054090,삼진엘앤디,032602,전자부품 제조업
420,000250,삼천당제약,032102,의약품 제조업
421,024950,삼천리자전거,074604,생활용품 도매업
422,038500,삼표시멘트,032309,기타 비금속 광물제품 제조업
423,017480,삼현철강,032401,1차 철강 제조업
424,046390,삼화네트웍스,105901,"영화, 비디오물, 방송프로그램 제작 및 배급업"
425,027580,상보,032602,전자부품 제조업
426,091580,상신이디피,032802,일차전지 및 축전지 제조업
427,263810,상신전자,032602,전자부품 제조업
428,089980,상아프론테크,032202,플라스틱제품 제조업
429,042940,상지카일룸,064203,전기 및 통신 공사업
430,042600,새로닉스,032602,전자부품 제조업
431,263540,샘코,033103,"항공기,우주선 및 부품 제조업"
432,038070,서린바이오,074607,기타 전문 도매업
433,006730,서부T&D,074608,상품 종합 도매업
434,079650,서산,032303,"시멘트, 석회, 플라스터 및 그 제품 제조업"
435,100660,서암기계공업,032901,일반 목적용 기계 제조업
436,012860,서연전자,033003,자동차 신품 부품 제조업
437,019770,서연탑메탈,032902,특수 목적용 기계 제조업
438,043710,서울리거,033309,그외 기타 제품 제조업
439,046890,서울반도체,032601,반도체 제조업
440,063170,서울옥션,074601,상품 중개업
441,027040,서울전자통신,032801,"전동기, 발전기 및 전기 변환 · 공급 · 제어 장치 제조업"
442,018680,서울제약,032102,의약품 제조업
443,093920,서원인텍,032604,통신 및 방송 장비 제조업
444,189860,서전기전,032801,"전동기, 발전기 및 전기 변환 · 공급 · 제어 장치 제조업"
445,178320,서진시스템,032604,통신 및 방송 장비 제조업
446,122690,서진오토모티브,033003,자동차 신품 부품 제조업
447,140070,서플러스글로벌,074605,기계장비 및 관련 물품 도매업
448,011370,서한,064101,건물 건설업
449,065710,서호전기,032801,"전동기, 발전기 및 전기 변환 · 공급 · 제어 장치 제조업"
450,035890,서희건설,064101,건물 건설업
451,003100,선광,085209,기타 운송관련 서비스업
452,123420,선데이토즈,105802,소프트웨어 개발 및 공급업
453,171090,선익시스템,032601,반도체 제조업
454,014620,성광벤드,032401,1차 철강 제조업
455,037350,성도이엔지,137201,"건축기술, 엔지니어링 및 관련 기술 서비스업"
456,081580,성우전자,032604,통신 및 방송 장비 제조업
457,045300,성우테크론,032602,전자부품 제조업
458,015750,성우하이텍,033003,자동차 신품 부품 제조업
459,080470,성창오토텍,033003,자동차 신품 부품 제조업
460,043260,성호전자,032602,전자부품 제조업
461,053060,세동,033003,자동차 신품 부품 제조업
462,017510,세명전기,032509,기타 금속 가공제품 제조업
463,214310,세미콘라이트,032601,반도체 제조업
464,011560,세보엠이씨,064202,건물설비 설치 공사업
465,100700,세운메디칼,032103,의료용품 및 기타 의약 관련제품 제조업
466,234100,세원,033003,자동차 신품 부품 제조업
467,024830,세원물산,033003,자동차 신품 부품 제조업
468,036630,세종텔레콤,106102,전기 통신업
469,039310,세중,147502,여행사 및 기타 여행보조 서비스업
470,067770,세진티에스,032602,전자부품 제조업
471,053450,세코닉스,032703,사진장비 및 광학기기 제조업
472,252500,세화피앤씨,032004,기타 화학제품 제조업
473,049180,셀루메드,032101,기초 의약물질 및 생물학적 제제 제조업
474,108860,셀바스AI,105802,소프트웨어 개발 및 공급업
475,208370,셀바스헬스케어,032701,의료용 기기 제조업
476,068270,셀트리온,032101,기초 의약물질 및 생물학적 제제 제조업
477,068760,셀트리온제약,032102,의약품 제조업
478,091990,셀트리온헬스케어,074607,기타 전문 도매업
479,053110,소리바다,106301,"자료처리, 호스팅, 포털 및 기타 인터넷 정보매개 서비스업"
480,032680,소프트센,074605,기계장비 및 관련 물품 도매업
481,066910,손오공,033304,"인형,장난감 및 오락용품 제조업"
482,043100,솔고바이오,032701,의료용 기기 제조업
483,154040,솔루에타,032602,전자부품 제조업
484,035610,솔본,137105,회사 본부 및 경영 컨설팅 서비스업
485,036830,솔브레인,032004,기타 화학제품 제조업
486,230980,솔트웍스,105802,소프트웨어 개발 및 공급업
487,086980,쇼박스,105901,"영화, 비디오물, 방송프로그램 제작 및 배급업"
488,050960,수산아이앤티,105802,소프트웨어 개발 및 공급업
489,084180,수성,032901,일반 목적용 기계 제조업
490,236200,슈프리마,032604,통신 및 방송 장비 제조업
491,094840,슈프리마에이치큐,116409,기타 금융업
492,192440,슈피겐코리아,033309,그외 기타 제품 제조업
493,099440,스맥,032902,특수 목적용 기계 제조업
494,033790,스카이문스테크놀로지,032604,통신 및 방송 장비 제조업
495,159910,스킨앤스킨,032004,기타 화학제품 제조업
496,115570,스타플렉스,032202,플라스틱제품 제조업
497,253450,스튜디오드래곤,105901,"영화, 비디오물, 방송프로그램 제작 및 배급업"
498,087220,스틸플라워,032401,1차 철강 제조업
499,013810,스페코,032902,특수 목적용 기계 제조업
501,049830,승일,032509,기타 금속 가공제품 제조업
502,020710,시공테크,137302,전문디자인업
503,033170,시그네틱스,032601,반도체 제조업
504,048870,시너지이노베이션,032601,반도체 제조업
505,025320,시노펙스,032602,전자부품 제조업
506,269620,시스웍,032702,"측정, 시험, 항해, 제어 및 기타 정밀기기 제조업; 광학기기 제외"
507,131090,시큐브,105802,소프트웨어 개발 및 공급업
508,001000,신라섬유,126801,부동산 임대 및 공급업
509,025870,신라에스지,031002,수산물 가공 및 저장 처리업
510,215600,신라젠,137001,자연과학 및 공학 연구개발업
511,065350,신성델타테크,032805,가정용 기기 제조업
512,056000,신스타임즈,105802,소프트웨어 개발 및 공급업
513,002800,신신제약,032102,의약품 제조업
514,225590,신영스팩2호,116601,금융 지원 서비스업
515,263770,신영스팩3호,116601,금융 지원 서비스업
516,017000,신원종합개발,064101,건물 건설업
517,012790,신일제약,032102,의약품 제조업
518,138070,신진에스엠,032509,기타 금속 가공제품 제조업
519,257730,신한제3호스팩,116601,금융 지원 서비스업
520,277480,신한제4호스팩,116601,금융 지원 서비스업
521,056700,신화인터텍,032202,플라스틱제품 제조업
522,187270,신화콘텍,032801,"전동기, 발전기 및 전기 변환 · 공급 · 제어 장치 제조업"
523,243840,신흥에스이씨,032802,일차전지 및 축전지 제조업
524,108320,실리콘웍스,032601,반도체 제조업
525,222800,심텍,032602,전자부품 제조업
526,036710,심텍홀딩스,116409,기타 금융업
527,160980,싸이맥스,032902,특수 목적용 기계 제조업
528,010280,쌍용정보통신,106201,"컴퓨터 프로그래밍, 시스템 통합 및 관리업"
529,051170,썬코어,032901,일반 목적용 기계 제조업
530,122800,썬텍,032403,금속 주조업
531,208640,썸에이지,105802,소프트웨어 개발 및 공급업
532,222420,쎄노텍,032309,기타 비금속 광물제품 제조업
533,037760,쎄니트,032401,1차 철강 제조업
534,136510,쎄미시스코,032902,특수 목적용 기계 제조업
535,099320,쎄트렉아이,033103,"항공기,우주선 및 부품 제조업"
536,049960,쎌바이오텍,032101,기초 의약물질 및 생물학적 제제 제조업
537,050890,쏠리드,032604,통신 및 방송 장비 제조업
538,099830,씨그널엔터테인먼트그룹,105901,"영화, 비디오물, 방송프로그램 제작 및 배급업"
539,066790,씨씨에스,106002,텔레비전 방송업
540,222080,씨아이에스,032902,특수 목적용 기계 제조업
541,264660,씨앤지하이테크,032902,특수 목적용 기계 제조업
542,115530,씨엔플러스,032602,전자부품 제조업
543,225330,씨엠에스에듀,168505,일반 교습 학원
544,115480,씨유메디칼,032701,의료용 기기 제조업
545,096530,씨젠,032103,의료용품 및 기타 의약 관련제품 제조업
546,900120,씨케이에이치,116409,기타 금융업
547,101240,씨큐브,032001,기초 화학물질 제조업
548,047920,씨트리,137001,자연과학 및 공학 연구개발업
549,060590,씨티씨바이오,074604,생활용품 도매업
550,036170,씨티엘,032601,반도체 제조업
551,260930,씨티케이코스메틱스,032004,기타 화학제품 제조업
552,013990,아가방컴퍼니,074604,생활용품 도매업
553,123860,아나패스,032601,반도체 제조업
554,058220,아리온,032604,통신 및 방송 장비 제조업
555,052710,아모텍,032602,전자부품 제조업
556,074430,아미노로직스,074607,기타 전문 도매업
557,092040,아미코젠,031007,기타 식품 제조업
558,083930,아바코,032902,특수 목적용 기계 제조업
559,149950,아바텍,032602,전자부품 제조업
560,036010,아비코전자,032604,통신 및 방송 장비 제조업
561,050860,아세아텍,032902,특수 목적용 기계 제조업
562,246720,아스타,032103,의료용품 및 기타 의약 관련제품 제조업
563,067390,아스트,033103,"항공기,우주선 및 부품 제조업"
564,127710,아시아경제,106301,"자료처리, 호스팅, 포털 및 기타 인터넷 정보매개 서비스업"
565,227610,아우딘퓨쳐스,032004,기타 화학제품 제조업
566,143160,아이디스,032604,통신 및 방송 장비 제조업
567,054800,아이디스홀딩스,116409,기타 금융업
568,060570,아이리버,032605,영상 및 음향기기 제조업
569,099190,아이센스,032701,의료용 기기 제조업
570,214430,아이쓰리시스템,032602,전자부품 제조업
571,040910,아이씨디,032902,특수 목적용 기계 제조업
572,068940,아이씨케이,032602,전자부품 제조업
573,052860,아이앤씨,032601,반도체 제조업
574,069920,아이에스이커머스,074709,무점포 소매업
575,038880,아이에이,032602,전자부품 제조업
576,101390,아이엠,032602,전자부품 제조업
577,226350,아이엠텍,032602,전자부품 제조업
578,078860,아이오케이,105802,소프트웨어 개발 및 공급업
579,114810,아이원스,032902,특수 목적용 기계 제조업
580,031310,아이즈비전,074709,무점포 소매업
581,139050,아이지스시스템,106201,"컴퓨터 프로그래밍, 시스템 통합 및 관리업"
582,185490,아이진,137001,자연과학 및 공학 연구개발업
583,059100,아이컴포넌트,032602,전자부품 제조업
584,052460,아이크래프트,106201,"컴퓨터 프로그래밍, 시스템 통합 및 관리업"
585,119830,아이텍반도체,137309,"그외 기타 전문, 과학 및 기술 서비스업"
586,124500,아이티센,106201,"컴퓨터 프로그래밍, 시스템 통합 및 관리업"
587,032080,아즈텍WB,031304,"섬유제품 염색, 정리 및 마무리 가공업"
588,013310,아진산업,033003,자동차 신품 부품 제조업
589,059120,아진엑스텍,032601,반도체 제조업
590,023890,아트라스BX,032802,일차전지 및 축전지 제조업
591,067160,아프리카TV,105802,소프트웨어 개발 및 공급업
592,001540,안국약품,032102,의약품 제조업
593,053800,안랩,105802,소프트웨어 개발 및 공급업
594,065660,안트로젠,032101,기초 의약물질 및 생물학적 제제 제조업
595,106080,알비케이이엠디,032602,전자부품 제조업
596,131370,알서포트,105802,소프트웨어 개발 및 공급업
597,140670,알에스오토메이션,032602,전자부품 제조업
598,096610,알에프세미,032601,반도체 제조업
599,061040,알에프텍,032604,통신 및 방송 장비 제조업
600,148250,알엔투테크놀로지,032602,전자부품 제조업
601,196170,알테오젠,137001,자연과학 및 공학 연구개발업
602,123750,알톤스포츠,033109,그외 기타 운송장비 제조업
603,085810,알티캐스트,105802,소프트웨어 개발 및 공급업
604,117670,알파홀딩스,032601,반도체 제조업
605,196300,애니젠,032101,기초 의약물질 및 생물학적 제제 제조업
606,205500,액션스퀘어,105802,소프트웨어 개발 및 공급업
607,052790,액토즈소프트,105802,소프트웨어 개발 및 공급업
608,131400,액트,032602,전자부품 제조업
609,238090,앤디포스,032202,플라스틱제품 제조업
610,174900,앱클론,032103,의료용품 및 기타 의약 관련제품 제조업
611,255440,야스,032902,특수 목적용 기계 제조업
612,030960,양지사,031801,인쇄 및 인쇄관련 산업
613,102120,어보브반도체,032601,반도체 제조업
614,019990,에너토크,032901,일반 목적용 기계 제조업
615,025980,에머슨퍼시픽,189101,스포츠 서비스업
616,041440,에버다임,032902,특수 목적용 기계 제조업
617,038680,에스넷,106201,"컴퓨터 프로그래밍, 시스템 통합 및 관리업"
618,217480,에스디생명공학,032004,기타 화학제품 제조업
619,121890,에스디시스템,032602,전자부품 제조업
620,030270,에스마크,031301,방적 및 가공사 제조업
621,097780,에스맥,032604,통신 및 방송 장비 제조업
622,042110,에스씨디,032805,가정용 기기 제조업
623,065420,에스아이리소스,020501,석탄 광업
624,050320,에스아이티글로벌,074605,기계장비 및 관련 물품 도매업
625,103230,에스앤더블류,032901,일반 목적용 기계 제조업
626,900080,에스앤씨엔진그룹,116409,기타 금융업
627,101490,에스앤에스텍,032602,전자부품 제조업
628,095910,에스에너지,032801,"전동기, 발전기 및 전기 변환 · 공급 · 제어 장치 제조업"
629,031330,에스에이엠티,074605,기계장비 및 관련 물품 도매업
630,060540,에스에이티,032702,"측정, 시험, 항해, 제어 및 기타 정밀기기 제조업; 광학기기 제외"
631,112240,에스에프씨,032202,플라스틱제품 제조업
632,056190,에스에프에이,032902,특수 목적용 기계 제조업
633,080000,에스엔유,032902,특수 목적용 기계 제조업
634,160600,에스엔텍,032902,특수 목적용 기계 제조업
635,263920,에스엔피월드,033309,그외 기타 제품 제조업
636,041510,에스엠,105902,오디오물 출판 및 원판 녹음업
637,007820,에스엠코어,032901,일반 목적용 기계 제조업
638,109610,에스와이패널,032501,"구조용 금속제품, 탱크 및 증기발생기 제조업"
639,080440,에스제이케이,033003,자동차 신품 부품 제조업
640,096630,에스코넥,032604,통신 및 방송 장비 제조업
641,069510,에스텍,032605,영상 및 음향기기 제조업
642,041910,에스텍파마,032102,의약품 제조업
643,234300,에스트래픽,106201,"컴퓨터 프로그래밍, 시스템 통합 및 관리업"
644,039440,에스티아이,032902,특수 목적용 기계 제조업
645,098660,에스티오,031401,봉제의복 제조업
646,052020,에스티큐브,032602,전자부품 제조업
647,237690,에스티팜,032102,의약품 제조업
648,050760,에스폴리텍,032202,플라스틱제품 제조업
649,058610,에스피지,032801,"전동기, 발전기 및 전기 변환 · 공급 · 제어 장치 제조업"
650,043340,에쎈테크,032901,일반 목적용 기계 제조업
651,054630,에이디칩스,074605,기계장비 및 관련 물품 도매업
652,200710,에이디테크놀로지,032601,반도체 제조업
653,003800,에이스침대,033201,가구 제조업
654,088800,에이스테크,032604,통신 및 방송 장비 제조업
655,138360,에이씨티,032004,기타 화학제품 제조업
656,072990,에이치시티,137209,기타 과학기술 서비스업
657,176440,에이치엔티,032602,전자부품 제조업
658,028300,에이치엘비,033101,선박 및 보트 건조업
659,067630,에이치엘비생명과학,137201,"건축기술, 엔지니어링 및 관련 기술 서비스업"
660,043220,에이치엘비파워,074608,상품 종합 도매업
661,239610,에이치엘사이언스,031007,기타 식품 제조업
662,226340,에이치엠씨3호스팩,116601,금융 지원 서비스업
663,044780,에이치케이,032902,특수 목적용 기계 제조업
664,071670,에이테크솔루션,032902,특수 목적용 기계 제조업
665,045660,에이텍,032603,컴퓨터 및 주변장치 제조업
666,224110,에이텍티앤,032604,통신 및 방송 장비 제조업
667,021080,에이티넘인베스트,116402,신탁업 및 집합투자업
668,089530,에이티세미콘,032601,반도체 제조업
669,182400,에이티젠,032101,기초 의약물질 및 생물학적 제제 제조업
670,073570,에이티테크놀러지,032902,특수 목적용 기계 제조업
671,109960,에이프로젠 H&G,032604,통신 및 방송 장비 제조업
672,043580,에임하이,032602,전자부품 제조업
673,214870,에치디프로,032604,통신 및 방송 장비 제조업
674,230360,에코마케팅,137103,광고업
675,038870,에코바이오,064202,건물설비 설치 공사업
676,086520,에코프로,032004,기타 화학제품 제조업
677,038110,에코플라스틱,033003,자동차 신품 부품 제조업
678,073540,에프알텍,032604,통신 및 방송 장비 제조업
679,064090,에프앤리퍼블릭,032604,통신 및 방송 장비 제조업
680,036810,에프에스티,032602,전자부품 제조업
681,063440,에프엔씨애드컬쳐,031802,기록매체 복제업
682,173940,에프엔씨엔터,105902,오디오물 출판 및 원판 녹음업
683,083500,에프엔에스테크,032902,특수 목적용 기계 제조업
684,065160,에프티이앤이,032005,화학섬유 제조업
685,054940,엑사이엔씨,064204,실내건축 및 건축마무리 공사업
686,950130,엑세스바이오,032103,의료용품 및 기타 의약 관련제품 제조업
687,205100,엑셈,105802,소프트웨어 개발 및 공급업
688,092870,엑시콘,032902,특수 목적용 기계 제조업
689,067570,엔브이에이치코리아,033003,자동차 신품 부품 제조업
690,101400,엔시트론,032601,반도체 제조업
691,217820,엔에스,032902,특수 목적용 기계 제조업
692,031860,엔에스엔,074608,상품 종합 도매업
693,256630,엔에이치스팩10호,116601,금융 지원 서비스업
694,256840,엔에이치스팩11호,116601,금융 지원 서비스업
695,273060,엔에이치스팩12호,116601,금융 지원 서비스업
696,208860,엔지스테크널러지,105802,소프트웨어 개발 및 공급업
697,206400,엔터메이트,105802,소프트웨어 개발 및 공급업
698,069410,엔텔스,105802,소프트웨어 개발 및 공급업
699,048830,엔피케이,032002,합성고무 및 플라스틱 물질 제조업
700,096870,엘디티,032601,반도체 제조업
701,061970,엘비세미콘,032601,반도체 제조업
702,138690,엘아이에스,032902,특수 목적용 기계 제조업
703,066970,엘앤에프,032802,일차전지 및 축전지 제조업
704,156100,엘앤케이바이오,032701,의료용 기기 제조업
705,073110,엘엠에스,032703,사진장비 및 광학기기 제조업
706,083310,엘오티베큠,032902,특수 목적용 기계 제조업
707,037950,엘컴텍,032602,전자부품 제조업
708,170920,엘티씨,032001,기초 화학물질 제조업
709,058630,엠게임,105802,소프트웨어 개발 및 공급업
710,019590,엠벤처투자,116402,신탁업 및 집합투자업
711,097520,엠씨넥스,032605,영상 및 음향기기 제조업
712,009780,엠에스씨,031007,기타 식품 제조업
713,123040,엠에스오토텍,033003,자동차 신품 부품 제조업
714,032790,엠젠플러스,074605,기계장비 및 관련 물품 도매업
715,033160,엠케이전자,032602,전자부품 제조업
716,259630,엠플러스,032902,특수 목적용 기계 제조업
717,115960,연우,032202,플라스틱제품 제조업
718,090740,연이정보통신,032602,전자부품 제조업
719,007530,영신금속,032509,기타 금속 가공제품 제조업
720,143540,영우디에스피,032902,특수 목적용 기계 제조업
721,036180,영인프런티어,074605,기계장비 및 관련 물품 도매업
722,036560,영풍정밀,032901,일반 목적용 기계 제조업
723,265560,영화테크,033003,자동차 신품 부품 제조업
725,053280,예스24,074709,무점포 소매업
726,122640,예스티,032902,특수 목적용 기계 제조업
727,900300,오가닉티코스메틱,116409,기타 금융업
728,045060,오공,032004,기타 화학제품 제조업
729,080520,오디텍,032601,반도체 제조업
730,039830,오로라,137302,전문디자인업
731,046120,오르비텍,137209,기타 과학기술 서비스업
732,014940,오리엔탈정공,033101,선박 및 보트 건조업
733,065500,오리엔트정공,033003,자동차 신품 부품 제조업
734,010470,오리콤,137103,광고업
735,053980,오상자이엘,106201,"컴퓨터 프로그래밍, 시스템 통합 및 관리업"
736,052420,오성엘에스티,032202,플라스틱제품 제조업
737,241790,오션브릿지,032004,기타 화학제품 제조업
738,039200,오스코텍,032102,의약품 제조업
739,031510,오스템,033003,자동차 신품 부품 제조업
740,048260,오스템임플란트,032701,의료용 기기 제조업
741,138080,오이솔루션,032604,통신 및 방송 장비 제조업
742,080580,오킨스전자,032602,전자부품 제조업
743,067170,오텍,116409,기타 금융업
744,049480,오픈베이스,106201,"컴퓨터 프로그래밍, 시스템 통합 및 관리업"
745,057540,옴니시스템,032702,"측정, 시험, 항해, 제어 및 기타 정밀기기 제조업; 광학기기 제외"
746,057680,옴니텔,105802,소프트웨어 개발 및 공급업
747,123010,옵토팩,032602,전자부품 제조업
748,082210,옵트론텍,032703,사진장비 및 광학기기 제조업
749,109080,옵티시스,032604,통신 및 방송 장비 제조업
750,052770,와이디온라인,105802,소프트웨어 개발 및 공급업
751,057030,와이비엠넷,168507,교육지원 서비스업
752,122990,와이솔,032602,전자부품 제조업
753,232140,와이아이케이,032902,특수 목적용 기계 제조업
754,067900,와이엔텍,053802,폐기물 처리업
755,155650,와이엠씨,032602,전자부품 제조업
756,251370,와이엠티,032001,기초 화학물질 제조업
757,066430,와이오엠,074607,기타 전문 도매업
758,193250,와이제이엠게임즈,032602,전자부품 제조업
759,019210,와이지-원,032509,기타 금속 가공제품 제조업
760,122870,와이지엔터테인먼트,105902,오디오물 출판 및 원판 녹음업
761,079000,와토스코리아,032202,플라스틱제품 제조업
762,900180,완리,116409,기타 금융업
763,114630,우노앤컴퍼니,032005,화학섬유 제조업
764,032820,우리기술,032801,"전동기, 발전기 및 전기 변환 · 공급 · 제어 장치 제조업"
765,041190,우리기술투자,116409,기타 금융업
766,115440,우리넷,032604,통신 및 방송 장비 제조업
767,046970,우리로,032604,통신 및 방송 장비 제조업
768,215360,우리산업,033003,자동차 신품 부품 제조업
769,072470,우리산업홀딩스,116409,기타 금융업
770,073560,우리손에프앤지,010102,축산업
771,153490,우리이앤엘,032601,반도체 제조업
772,082850,우리이티아이,032804,전구 및 조명장치 제조업
773,037400,우리조명,032804,전구 및 조명장치 제조업
774,101170,우림기계,032901,일반 목적용 기계 제조업
775,194610,우성아이비,033309,그외 기타 제품 제조업
776,066590,우수AMS,033003,자동차 신품 부품 제조업
777,046940,우원개발,064201,기반조성 및 시설물 축조관련 전문공사업
778,215380,우정비에스씨,137001,자연과학 및 공학 연구개발업
779,065680,우주일렉트로,032602,전자부품 제조업
780,018620,우진비앤지,032102,의약품 제조업
781,032940,원익,074605,기계장비 및 관련 물품 도매업
782,240810,원익IPS,032902,특수 목적용 기계 제조업
783,074600,원익QnC,032301,유리 및 유리제품 제조업
784,104830,원익머트리얼즈,032001,기초 화학물질 제조업
785,014190,원익큐브,074607,기타 전문 도매업
787,012620,원일특강,032401,1차 철강 제조업
788,008370,원풍,032202,플라스틱제품 제조업
789,008290,원풍물산,031401,봉제의복 제조업
790,101160,월덱스,032602,전자부품 제조업
791,095270,웨이브일렉트로,032604,통신 및 방송 장비 제조업
792,065950,웰크론,031302,직물직조 및 직물제품 제조업
793,114190,웰크론강원,032501,"구조용 금속제품, 탱크 및 증기발생기 제조업"
794,076080,웰크론한텍,032902,특수 목적용 기계 제조업
795,196700,웹스,032002,합성고무 및 플라스틱 물질 제조업
797,039790,위노바,032004,기타 화학제품 제조업
798,044340,위닉스,032805,가정용 기기 제조업
799,112040,위메이드,105802,소프트웨어 개발 및 공급업
800,038620,위즈코프,074707,연료 소매업
801,036090,위지트,032902,특수 목적용 기계 제조업
802,136540,윈스,106201,"컴퓨터 프로그래밍, 시스템 통합 및 관리업"
803,097800,윈팩,032601,반도체 제조업
804,192390,윈하이텍,032501,"구조용 금속제품, 탱크 및 증기발생기 제조업"
805,036200,유니셈,032902,특수 목적용 기계 제조업
806,018000,유니슨,032901,일반 목적용 기계 제조업
807,203450,유니온커뮤니티,032604,통신 및 방송 장비 제조업
808,011320,유니크,033003,자동차 신품 부품 제조업
809,086390,유니테스트,032902,특수 목적용 기계 제조업
810,241690,유니테크노,033003,자동차 신품 부품 제조업
811,142210,유니트론텍,074605,기계장비 및 관련 물품 도매업
812,048430,유라테크,032801,"전동기, 발전기 및 전기 변환 · 공급 · 제어 장치 제조업"
813,206650,유바이오로직스,137001,자연과학 및 공학 연구개발업
814,089850,유비벨록스,105802,소프트웨어 개발 및 공급업
815,032620,유비케어,105802,소프트웨어 개발 및 공급업
816,264450,유비쿼스,032604,통신 및 방송 장비 제조업
817,078070,유비쿼스홀딩스,116409,기타 금융업
818,024800,유성티엔에스,084902,육상 여객 운송업
819,054930,유신,137201,"건축기술, 엔지니어링 및 관련 기술 서비스업"
820,069330,유아이디,032602,전자부품 제조업
821,049520,유아이엘,032602,전자부품 제조업
822,219960,유안타제2호스팩,116601,금융 지원 서비스업
823,056090,유앤아이,032701,의료용 기기 제조업
824,195990,유지인트,032902,특수 목적용 기계 제조업
825,023410,유진기업,032303,"시멘트, 석회, 플라스터 및 그 제품 제조업"
826,056080,유진로봇,032902,특수 목적용 기계 제조업
827,221200,유진스팩3호,116601,금융 지원 서비스업
828,215090,유진에이씨피씨스팩2호,116601,금융 지원 서비스업
829,084370,유진테크,032902,특수 목적용 기계 제조업
830,178780,유테크,032602,전자부품 제조업
831,179900,유티아이,032602,전자부품 제조업
832,191410,육일씨엔에쓰,032602,전자부품 제조업
833,044960,이-글 벳,074607,기타 전문 도매업
834,039020,이건홀딩스,116409,기타 금융업
835,060230,이그잭스,032602,전자부품 제조업
836,067920,이글루시큐리티,105802,소프트웨어 개발 및 공급업
837,073490,이노와이어리스,032604,통신 및 방송 장비 제조업
838,215790,이노인스트루먼트,032604,통신 및 방송 장비 제조업
839,088390,이녹스,116409,기타 금융업
840,272290,이녹스첨단소재,032602,전자부품 제조업
841,053350,이니텍,105802,소프트웨어 개발 및 공급업
842,258610,이더블유케이,032501,"구조용 금속제품, 탱크 및 증기발생기 제조업"
843,033110,이디,032702,"측정, 시험, 항해, 제어 및 기타 정밀기기 제조업; 광학기기 제외"
844,041520,이라이콤,032602,전자부품 제조업
845,054210,이랜텍,032602,전자부품 제조업
846,065440,이루온,105802,소프트웨어 개발 및 공급업
847,036260,이매진아시아,105901,"영화, 비디오물, 방송프로그램 제작 및 배급업"
848,115610,이미지스,032601,반도체 제조업
849,225440,이베스트스팩3호,116409,기타 금융업
850,078020,이베스트투자증권,116601,금융 지원 서비스업
851,080010,이상네트웍스,074601,상품 중개업
853,047560,이스트소프트,105802,소프트웨어 개발 및 공급업
854,900110,이스트아시아홀딩스,116409,기타 금융업
855,067010,이씨에스,106201,"컴퓨터 프로그래밍, 시스템 통합 및 관리업"
856,223310,이에스브이,105802,소프트웨어 개발 및 공급업
857,052190,이에스에이,189001,창작 및 예술관련 서비스업
858,226360,이엑스티,137201,"건축기술, 엔지니어링 및 관련 기술 서비스업"
859,102710,이엔에프테크놀로지,032004,기타 화학제품 제조업
860,094190,이엘케이,032602,전자부품 제조업
861,063760,이엘피,032702,"측정, 시험, 항해, 제어 및 기타 정밀기기 제조업; 광학기기 제외"
862,123570,이엠넷,137103,광고업
863,095190,이엠코리아,032902,특수 목적용 기계 제조업
864,091120,이엠텍,032602,전자부품 제조업
865,039030,이오테크닉스,032902,특수 목적용 기계 제조업
866,088290,이원컴포텍,033003,자동차 신품 부품 제조업
867,033600,이젠텍,033003,자동차 신품 부품 제조업
868,181340,이즈미디어,032702,"측정, 시험, 항해, 제어 및 기타 정밀기기 제조업; 광학기기 제외"
869,035810,이지바이오,031008,동물용 사료 및 조제식품 제조업
870,090850,이지웰페어,105802,소프트웨어 개발 및 공급업
871,092130,이크레더블,106309,기타 정보 서비스업
872,016250,이테크건설,064101,건물 건설업
873,096040,이트론,032603,컴퓨터 및 주변장치 제조업
874,134060,이퓨쳐,105801,"서적, 잡지 및 기타 인쇄물 출판업"
875,001840,이화공영,064101,건물 건설업
876,024810,이화전기,032801,"전동기, 발전기 및 전기 변환 · 공급 · 제어 장치 제조업"
877,041830,인바디,032701,의료용 기기 제조업
878,079950,인베니아,032902,특수 목적용 기계 제조업
879,060150,인선이엔티,053802,폐기물 처리업
880,033230,인성정보,106201,"컴퓨터 프로그래밍, 시스템 통합 및 관리업"
881,037330,인지디스플레,032602,전자부품 제조업
882,083640,인콘,032604,통신 및 방송 장비 제조업
883,216050,인크로스,137103,광고업
884,049070,인탑스,032604,통신 및 방송 장비 제조업
885,119610,인터로조,032703,사진장비 및 광학기기 제조업
886,158310,인터불스,032902,특수 목적용 기계 제조업
887,017250,인터엠,032605,영상 및 음향기기 제조업
888,108790,인터파크,074709,무점포 소매업
889,035080,인터파크홀딩스,116409,기타 금융업
890,051370,인터플렉스,032602,전자부품 제조업
891,064290,인텍플러스,032902,특수 목적용 기계 제조업
892,189300,인텔리안테크,032604,통신 및 방송 장비 제조업
893,150840,인트로메딕,032701,의료용 기기 제조업
894,048530,인트론바이오,032101,기초 의약물질 및 생물학적 제제 제조업
895,175140,인포마크,032604,통신 및 방송 장비 제조업
896,115310,인포바인,106102,전기 통신업
897,039290,인포뱅크,106309,기타 정보 서비스업
898,041020,인프라웨어,105802,소프트웨어 개발 및 공급업
899,071200,인피니트헬스케어,105802,소프트웨어 개발 및 공급업
900,101930,인화정공,033101,선박 및 보트 건조업
901,078940,일경산업개발,064203,전기 및 통신 공사업
902,068330,일신바이오,032901,일반 목적용 기계 제조업
903,058450,일야,032604,통신 및 방송 장비 제조업
904,019540,일지테크,033003,자동차 신품 부품 제조업
905,094820,일진파워,064203,전기 및 통신 공사업
906,950140,잉글우드랩,116409,기타 금융업
907,049550,잉크테크,032004,기타 화학제품 제조업
908,043910,자연과환경,053901,환경 정화 및 복원업
909,234920,자이글,032805,가정용 기기 제조업
910,174880,장원테크,032604,통신 및 방송 장비 제조업
911,049630,재영솔루텍,032703,사진장비 및 광학기기 제조업
912,065530,전파기지국,106102,전기 통신업
913,208140,정다운,031001,"도축, 육류 가공 및 저장 처리업"
914,022220,정산애강,032202,플라스틱제품 제조업
915,040420,정상제이엘에스,168505,일반 교습 학원
916,045510,정원엔시스,106201,"컴퓨터 프로그래밍, 시스템 통합 및 관리업"
917,065620,제낙스,032401,1차 철강 제조업
918,217190,제너셈,032902,특수 목적용 기계 제조업
919,095700,제넥신,137001,자연과학 및 공학 연구개발업
920,187420,제노포커스,032101,기초 의약물질 및 생물학적 제제 제조업
921,123330,제닉,032004,기타 화학제품 제조업
922,159580,제로투세븐,074604,생활용품 도매업
923,147830,제룡산업,032501,"구조용 금속제품, 탱크 및 증기발생기 제조업"
924,033100,제룡전기,032801,"전동기, 발전기 및 전기 변환 · 공급 · 제어 장치 제조업"
925,019570,제미니투자,116402,신탁업 및 집합투자업
926,079370,제우스,032902,특수 목적용 기계 제조업
927,054950,제이브이엠,032901,일반 목적용 기계 제조업
928,096690,제이스테판,032603,컴퓨터 및 주변장치 제조업
929,090470,제이스텍,032902,특수 목적용 기계 제조업
930,137950,제이씨케미칼,032004,기타 화학제품 제조업
931,033320,제이씨현시스템,074605,기계장비 및 관련 물품 도매업
932,026040,제이에스티나,033301,귀금속 및 장신용품 제조업
933,126880,제이엔케이히터,032901,일반 목적용 기계 제조업
934,033050,제이엠아이,031802,기록매체 복제업
935,094970,제이엠티,032602,전자부품 제조업
936,058420,제이웨이,105901,"영화, 비디오물, 방송프로그램 제작 및 배급업"
937,036420,제이콘텐트리,116409,기타 금융업
938,089790,제이티,032902,특수 목적용 기계 제조업
939,052670,제일바이오,032102,의약품 제조업
940,023440,제일제강,032401,1차 철강 제조업
941,038010,제일테크노스,032501,"구조용 금속제품, 탱크 및 증기발생기 제조업"
942,003380,제일홀딩스,116409,기타 금융업
943,080220,제주반도체,032601,반도체 제조업
944,082270,젬백스,032902,특수 목적용 기계 제조업
945,041590,젬백스테크놀러지,032602,전자부품 제조업
946,044060,조광ILI,032901,일반 목적용 기계 제조업
947,034940,조아제약,032102,의약품 제조업
948,101730,조이맥스,105802,소프트웨어 개발 및 공급업
949,067000,조이시티,105802,소프트웨어 개발 및 공급업
950,033340,좋은사람들,031401,봉제의복 제조업
951,036930,주성엔지니어링,032902,특수 목적용 기계 제조업
952,072020,중앙백신,032101,기초 의약물질 및 생물학적 제제 제조업
953,000440,중앙에너비스,074607,기타 전문 도매업
954,054180,중앙오션,033101,선박 및 보트 건조업
955,043610,지니뮤직,106301,"자료처리, 호스팅, 포털 및 기타 인터넷 정보매개 서비스업"
956,263860,지니언스,105802,소프트웨어 개발 및 공급업
957,155960,지디,032602,전자부품 제조업
958,208350,지란지교시큐리티,105802,소프트웨어 개발 및 공급업
959,114570,지스마트글로벌,032601,반도체 제조업
960,051160,지어소프트,105802,소프트웨어 개발 및 공급업
961,053050,지에스이,043502,연료용 가스 제조 및 배관공급업
962,119850,지엔씨에너지,032801,"전동기, 발전기 및 전기 변환 · 공급 · 제어 장치 제조업"
963,065060,지엔코,031401,봉제의복 제조업
964,204840,지엘팜텍,137001,자연과학 및 공학 연구개발업
965,018290,지엠피,032603,컴퓨터 및 주변장치 제조업
966,111820,지와이커머스,106309,기타 정보 서비스업
967,115450,지트리비앤티,032602,전자부품 제조업
968,018120,진로발효,031101,알코올음료 제조업
969,109820,진매트릭스,137001,자연과학 및 공학 연구개발업
970,086060,진바이오텍,031008,동물용 사료 및 조제식품 제조업
971,036890,진성티이씨,032902,특수 목적용 기계 제조업
972,007370,진양제약,032102,의약품 제조업
973,085660,차바이오텍,032101,기초 의약물질 및 생물학적 제제 제조업
974,900040,차이나그레이트,116409,기타 금융업
975,900090,차이나하오란,116409,기타 금융업
976,094850,참좋은여행,147502,여행사 및 기타 여행보조 서비스업
977,004650,창해에탄올,031101,알코올음료 제조업
978,096240,청담러닝,168505,일반 교습 학원
979,013720,청보산업,033003,자동차 신품 부품 제조업
980,066360,체리부로,031001,"도축, 육류 가공 및 저장 처리업"
981,047820,초록뱀,105901,"영화, 비디오물, 방송프로그램 제작 및 배급업"
982,094360,칩스앤미디어,105802,소프트웨어 개발 및 공급업
983,016920,카스,074605,기계장비 및 관련 물품 도매업
984,026260,카테아,074608,상품 종합 도매업
985,071850,캐스텍코리아,033003,자동차 신품 부품 제조업
986,180400,캔서롭,137209,기타 과학기술 서비스업
987,050110,캠시스,032602,전자부품 제조업
988,900310,컬러레이,137105,회사 본부 및 경영 컨설팅 서비스업
989,078340,컴투스,105802,소프트웨어 개발 및 공급업
990,214370,케어젠,032101,기초 의약물질 및 생물학적 제제 제조업
991,221980,케이디켐,032004,기타 화학제품 제조업
992,043290,케이맥,032902,특수 목적용 기계 제조업
993,221950,케이비드림3호스팩,116601,금융 지원 서비스업
994,250930,케이비제10호스팩,116601,금융 지원 서비스업
995,258790,케이비제11호스팩,116601,금융 지원 서비스업
996,222390,케이비제8호스팩,116601,금융 지원 서비스업
997,232270,케이비제9호스팩,116601,금융 지원 서비스업
998,192250,케이사인,105802,소프트웨어 개발 및 공급업
999,115500,케이씨에스,106201,"컴퓨터 프로그래밍, 시스템 통합 및 관리업"
1000,089150,케이씨티,106201,"컴퓨터 프로그래밍, 시스템 통합 및 관리업"
1001,025880,케이씨피드,031008,동물용 사료 및 조제식품 제조업
1002,093320,케이아이엔엑스,106301,"자료처리, 호스팅, 포털 및 기타 인터넷 정보매개 서비스업"
1003,073010,케이에스피,032901,일반 목적용 기계 제조업
1004,105330,케이엔더블유,032202,플라스틱제품 제조업
1005,039420,케이엘넷,106102,전기 통신업
1006,083550,케이엠,031309,기타 섬유제품 제조업
1007,032500,케이엠더블유,032604,통신 및 방송 장비 제조업
1008,064820,케이프,033101,선박 및 보트 건조업
1009,256940,케이피에스,032902,특수 목적용 기계 제조업
1010,024880,케이피에프,032509,기타 금속 가공제품 제조업
1011,042040,케이피엠테크,032004,기타 화학제품 제조업
1012,054410,케이피티,032509,기타 금속 가공제품 제조업
1013,217600,켐온,137001,자연과학 및 공학 연구개발업
1014,089010,켐트로닉스,032004,기타 화학제품 제조업
1015,220260,켐트로스,032004,기타 화학제품 제조업
1016,052400,코나아이,105802,소프트웨어 개발 및 공급업
1018,046070,코다코,033003,자동차 신품 부품 제조업
1019,047770,코데즈컴바인,031401,봉제의복 제조업
1020,080530,코디,032004,기타 화학제품 제조업
1021,224060,코디엠,032902,특수 목적용 기계 제조업
1022,078650,코렌,032703,사진장비 및 광학기기 제조업
1023,104540,코렌텍,032701,의료용 기기 제조업
1024,027050,코리아나,032004,기타 화학제품 제조업
1025,101670,코리아에스이,032501,"구조용 금속제품, 탱크 및 증기발생기 제조업"
1026,123410,코리아에프티,033003,자동차 신품 부품 제조업
1027,036690,코맥스,032604,통신 및 방송 장비 제조업
1028,049430,코메론,032702,"측정, 시험, 항해, 제어 및 기타 정밀기기 제조업; 광학기기 제외"
1029,183300,코미코,032902,특수 목적용 기계 제조업
1030,041960,코미팜,032102,의약품 제조업
1031,009730,코센,032401,1차 철강 제조업
1032,241710,코스메카코리아,032004,기타 화학제품 제조업
1033,069110,코스온,032004,기타 화학제품 제조업
1034,166480,코아스템,032102,의약품 제조업
1035,045970,코아시아홀딩스,137309,"그외 기타 전문, 과학 및 기술 서비스업"
1036,029960,코엔텍,053802,폐기물 처리업
1037,102940,코오롱생명과학,032101,기초 의약물질 및 생물학적 제제 제조업
1038,033290,코웰패션,031404,의복 액세서리 제조업
1039,056360,코위버,032604,통신 및 방송 장비 제조업
1040,121850,코이즈,032202,플라스틱제품 제조업
1041,015710,코콤,032604,통신 및 방송 장비 제조업
1042,052330,코텍,032605,영상 및 음향기기 제조업
1043,126600,코프라,032002,합성고무 및 플라스틱 물질 제조업
1044,200130,콜마비앤에이치,032101,기초 의약물질 및 생물학적 제제 제조업
1045,225650,쿠첸,032805,가정용 기기 제조업
1046,060280,큐렉소,074708,기타 상품 전문 소매업
1047,040350,큐로컴,106201,"컴퓨터 프로그래밍, 시스템 통합 및 관리업"
1048,051780,큐로홀딩스,074603,음·식료품 및 담배 도매업
1049,115180,큐리언트,137001,자연과학 및 공학 연구개발업
1050,182360,큐브엔터,105902,오디오물 출판 및 원판 녹음업
1051,066310,큐에스아이,032601,반도체 제조업
1052,016600,큐캐피탈,116409,기타 금융업
1053,058530,크레아플래닛,032902,특수 목적용 기계 제조업
1054,043590,크로바하이텍,032601,반도체 제조업
1055,114120,크루셜텍,032602,전자부품 제조업
1056,083790,크리스탈,137001,자연과학 및 공학 연구개발업
1057,900250,크리스탈신소재,116409,기타 금융업
1058,045520,크린앤사이언스,031701,"펄프, 종이 및 판지 제조업"
1059,214150,클래시스,032701,의료용 기기 제조업
1060,237880,클리오,032004,기타 화학제품 제조업
1061,218710,키움스팩3호,116601,금융 지원 서비스업
1062,226850,키움스팩4호,116601,금융 지원 서비스업
1063,054780,키이스트,105901,"영화, 비디오물, 방송프로그램 제작 및 배급업"
1064,219130,타이거일렉,032602,전자부품 제조업
1065,065130,탑엔지니어링,032902,특수 목적용 기계 제조업
1066,023160,태광,032401,1차 철강 제조업
1067,053620,태양,032509,기타 금속 가공제품 제조업
1068,072520,태양씨앤엘,032602,전자부품 제조업
1069,044490,태웅,032509,기타 금속 가공제품 제조업
1070,191420,테고사이언스,032101,기초 의약물질 및 생물학적 제제 제조업
1071,123100,테라세미콘,032902,특수 목적용 기계 제조업
1072,182690,테라셈,032601,반도체 제조업
1073,066700,테라젠이텍스,032102,의약품 제조업
1074,095610,테스,032902,특수 목적용 기계 제조업
1075,131970,테스나,137309,"그외 기타 전문, 과학 및 기술 서비스업"
1076,089030,테크윙,032902,특수 목적용 기계 제조업
1077,038540,텍셀네트컴,106201,"컴퓨터 프로그래밍, 시스템 통합 및 관리업"
1078,054450,텔레칩스,032601,반도체 제조업
1079,091440,텔레필드,032604,통신 및 방송 장비 제조업
1080,196450,텔루스,032703,사진장비 및 광학기기 제조업
1081,200230,텔콘,032604,통신 및 방송 장비 제조업
1082,215480,토박스코리아,074704,"섬유, 의복, 신발 및 가죽제품 소매업"
1083,051360,토비스,032605,영상 및 음향기기 제조업
1084,045340,토탈소프트,105802,소프트웨어 개발 및 공급업
1085,057880,토필드,032605,영상 및 음향기기 제조업
1086,108230,톱텍,032902,특수 목적용 기계 제조업
1087,079970,투비소프트,105802,소프트웨어 개발 및 공급업
1088,066410,투윈글로벌,105901,"영화, 비디오물, 방송프로그램 제작 및 배급업"
1089,052290,트레이스,032602,전자부품 제조업
1090,105550,트루윈,032602,전자부품 제조업
1091,026150,특수건설,064102,토목 건설업
1092,033830,티비씨,106002,텔레비전 방송업
1093,950160,티슈진,032101,기초 의약물질 및 생물학적 제제 제조업
1094,064760,티씨케이,032309,기타 비금속 광물제품 제조업
1095,131290,티에스이,032702,"측정, 시험, 항해, 제어 및 기타 정밀기기 제조업; 광학기기 제외"
1096,246690,티에스인베스트먼트,116402,신탁업 및 집합투자업
1098,104480,티케이케미칼,032005,화학섬유 제조업
1099,081150,티플랙스,032509,기타 금속 가공제품 제조업
1100,130740,티피씨글로벌,033003,자동차 신품 부품 제조업
1101,084730,팅크웨어,032604,통신 및 방송 장비 제조업
1102,046210,파나진,032103,의료용품 및 기타 의약 관련제품 제조업
1103,034230,파라다이스,189102,유원지 및 기타 오락관련 서비스업
1104,033540,파라텍,032902,특수 목적용 기계 제조업
1105,043200,파루,032801,"전동기, 발전기 및 전기 변환 · 공급 · 제어 장치 제조업"
1106,214450,파마리서치프로덕트,074604,생활용품 도매업
1107,177830,파버나인,032602,전자부품 제조업
1108,037070,파세코,032805,가정용 기기 제조업
1109,150900,파수닷컴,105802,소프트웨어 개발 및 공급업
1110,047310,파워로직스,032801,"전동기, 발전기 및 전기 변환 · 공급 · 제어 장치 제조업"
1111,170790,파이오링크,032604,통신 및 방송 장비 제조업
1112,049120,파인디앤씨,032602,전자부품 제조업
1113,038950,파인디지털,032604,통신 및 방송 장비 제조업
1114,106240,파인테크닉스,032604,통신 및 방송 장비 제조업
1115,131760,파인텍,032602,전자부품 제조업
1116,140860,파크시스템스,032702,"측정, 시험, 항해, 제어 및 기타 정밀기기 제조업; 광학기기 제외"
1117,091700,파트론,032602,전자부품 제조업
1118,194510,파티게임즈,105802,소프트웨어 개발 및 공급업
1119,038160,팍스넷,106309,기타 정보 서비스업
1120,032800,판타지오,189001,창작 및 예술관련 서비스업
1121,043090,팜스웰바이오,074607,기타 전문 도매업
1122,027710,팜스토리,031008,동물용 사료 및 조제식품 제조업
1123,054300,팬스타엔터프라이즈,032901,일반 목적용 기계 제조업
1124,068050,팬엔터테인먼트,105901,"영화, 비디오물, 방송프로그램 제작 및 배급업"
1125,222110,팬젠,032102,의약품 제조업
1126,060900,퍼시픽바이오,031902,석유 정제품 제조업
1127,263750,펄어비스,105802,소프트웨어 개발 및 공급업
1128,087010,펩트론,032101,기초 의약물질 및 생물학적 제제 제조업
1129,043370,평화정공,033003,자동차 신품 부품 제조업
1130,119500,포메탈,032509,기타 금속 가공제품 제조업
1131,016670,포비스티앤씨,074607,기타 전문 도매업
1132,056730,포스링크,074607,기타 전문 도매업
1133,022100,포스코 ICT,137201,"건축기술, 엔지니어링 및 관련 기술 서비스업"
1134,009520,포스코엠텍,032401,1차 철강 제조업
1135,003670,포스코켐텍,032303,"시멘트, 석회, 플라스터 및 그 제품 제조업"
1136,189690,포시에스,105802,소프트웨어 개발 및 공급업
1137,141020,포티스,074709,무점포 소매업
1138,039230,폭스브레인,032702,"측정, 시험, 항해, 제어 및 기타 정밀기기 제조업; 광학기기 제외"
1139,005670,푸드웰,031003,"과실, 채소 가공 및 저장 처리업"
1140,094940,푸른기술,032603,컴퓨터 및 주변장치 제조업
1141,007330,푸른저축은행,116401,은행 및 저축기관
1142,093380,풍강,032509,기타 금속 가공제품 제조업
1143,023900,풍국주정,031101,알코올음료 제조업
1144,195440,퓨전데이타,105802,소프트웨어 개발 및 공급업
1145,214270,퓨쳐스트림네트웍스,105802,소프트웨어 개발 및 공급업
1146,220100,퓨쳐켐,032102,의약품 제조업
1147,035200,프럼파스트,032202,플라스틱제품 제조업
1148,203690,프로스테믹스,032101,기초 의약물질 및 생물학적 제제 제조업
1149,053610,프로텍,032902,특수 목적용 기계 제조업
1150,053160,프리엠스,032801,"전동기, 발전기 및 전기 변환 · 공급 · 제어 장치 제조업"
1151,075130,플랜티넷,106201,"컴퓨터 프로그래밍, 시스템 통합 및 관리업"
1152,023770,플레이위드,105802,소프트웨어 개발 및 공급업
1153,032580,피델릭스,032601,반도체 제조업
1154,051380,피씨디렉트,074605,기계장비 및 관련 물품 도매업
1155,241820,피씨엘,032103,의료용품 및 기타 의약 관련제품 제조업
1156,237750,피앤씨테크,032801,"전동기, 발전기 및 전기 변환 · 공급 · 제어 장치 제조업"
1157,131390,피앤이솔루션,032801,"전동기, 발전기 및 전기 변환 · 공급 · 제어 장치 제조업"
1158,054340,피앤텔,032604,통신 및 방송 장비 제조업
1159,024850,피에스엠씨,032602,전자부품 제조업
1160,031980,피에스케이,032902,특수 목적용 기계 제조업
1161,002230,피에스텍,032702,"측정, 시험, 항해, 제어 및 기타 정밀기기 제조업; 광학기기 제외"
1162,137400,피엔티,032902,특수 목적용 기계 제조업
1163,128660,피제이메탈,032402,1차 비철금속 제조업
1164,006140,피제이전자,032701,의료용 기기 제조업
1165,087600,픽셀플러스,032602,전자부품 제조업
1166,064800,필링크,106201,"컴퓨터 프로그래밍, 시스템 통합 및 관리업"
1167,161580,필옵틱스,032902,특수 목적용 기계 제조업
1168,270520,하나금융10호스팩,116601,금융 지원 서비스업
1169,230240,하나금융7호SPAC,116601,금융 지원 서비스업
1170,261200,하나금융9호스팩,116601,금융 지원 서비스업
1171,067310,하나마이크론,032601,반도체 제조업
1172,166090,하나머티리얼즈,032601,반도체 제조업
1173,136480,하림,031001,"도축, 육류 가공 및 저장 처리업"
1174,024660,하림홀딩스,116409,기타 금융업
1175,149980,하이로닉,032701,의료용 기기 제조업
1176,013030,하이록코리아,032401,1차 철강 제조업
1177,126700,하이비젼시스템,032703,사진장비 및 광학기기 제조업
1178,200470,하이셈,137309,"그외 기타 전문, 과학 및 기술 서비스업"
1179,235010,하이에이아이1호스팩,116601,금융 지원 서비스업
1180,217500,하이제3호스팩,116601,금융 지원 서비스업
1181,221840,하이즈항공,033103,"항공기,우주선 및 부품 제조업"
1182,106190,하이텍팜,032101,기초 의약물질 및 생물학적 제제 제조업
1183,066130,하츠,032805,가정용 기기 제조업
1184,240540,한국4호스팩,116601,금융 지원 서비스업
1185,004590,한국가구,074604,생활용품 도매업
1186,039340,한국경제TV,106002,텔레비전 방송업
1187,034950,한국기업평가,147509,기타 사업지원 서비스업
1188,222980,한국맥널티,031007,기타 식품 제조업
1189,025550,한국선재,032401,1차 철강 제조업
1190,017890,한국알콜,032004,기타 화학제품 제조업
1191,063570,한국전자금융,147509,기타 사업지원 서비스업
1192,041460,한국전자인증,105802,소프트웨어 개발 및 공급업
1193,101680,한국정밀기계,032902,특수 목적용 기계 제조업
1194,039740,한국정보공학,074607,기타 전문 도매업
1195,053300,한국정보인증,105802,소프트웨어 개발 및 공급업
1196,025770,한국정보통신,106102,전기 통신업
1197,271740,한국제5호스팩,116601,금융 지원 서비스업
1198,281410,한국제6호스팩,116601,금융 지원 서비스업
1199,023760,한국캐피탈,116409,기타 금융업
1200,054040,한국컴퓨터,032602,전자부품 제조업
1201,050540,한국코퍼레이션,147509,기타 사업지원 서비스업
1202,021650,한국큐빅,032202,플라스틱제품 제조업
1203,053590,한국테크놀로지,032902,특수 목적용 기계 제조업
1204,037230,한국팩키지,031702,"골판지, 종이 상자 및 종이용기 제조업"
1205,030520,한글과컴퓨터,105802,소프트웨어 개발 및 공급업
1206,052600,한네트,106102,전기 통신업
1207,092460,한라IMS,033101,선박 및 보트 건조업
1208,047080,한빛소프트,105802,소프트웨어 개발 및 공급업
1209,070300,한솔시큐어,105802,소프트웨어 개발 및 공급업
1210,099660,한솔신텍,032501,"구조용 금속제품, 탱크 및 증기발생기 제조업"
1211,221610,한솔씨앤피,032004,기타 화학제품 제조업
1212,070590,한솔인티큐브,106201,"컴퓨터 프로그래밍, 시스템 통합 및 관리업"
1213,042520,한스바이오메드,032103,의료용품 및 기타 의약 관련제품 제조업
1214,078350,한양디지텍,032601,반도체 제조업
1215,045100,한양이엔지,137201,"건축기술, 엔지니어링 및 관련 기술 서비스업"
1216,046110,한일네트웍스,106301,"자료처리, 호스팅, 포털 및 기타 인터넷 정보매개 서비스업"
1217,024740,한일단조,033003,자동차 신품 부품 제조업
1218,005860,한일사료,031008,동물용 사료 및 조제식품 제조업
1219,123840,한일진공,032902,특수 목적용 기계 제조업
1220,007770,한일화학,032001,기초 화학물질 제조업
1221,079170,한창산업,032402,1차 비철금속 제조업
1222,086960,한컴MDS,105802,소프트웨어 개발 및 공급업
1223,054920,한컴시큐어,105802,소프트웨어 개발 및 공급업
1224,077280,한컴지엠디,105802,소프트웨어 개발 및 공급업
1225,002680,한탑,031006,"곡물가공품, 전분 및 전분제품 제조업"
1226,066110,한프,032603,컴퓨터 및 주변장치 제조업
1227,265920,한화수성스팩,116601,금융 지원 서비스업
1228,219860,한화에이스스팩2호,116601,금융 지원 서비스업
1229,264290,한화에이스스팩3호,116601,금융 지원 서비스업
1230,279410,한화에이스스팩4호,116601,금융 지원 서비스업
1231,102210,해덕파워웨이,033101,선박 및 보트 건조업
1232,220630,해마로푸드서비스,074603,음·식료품 및 담배 도매업
1233,034810,해성산업,126801,부동산 임대 및 공급업
1234,076610,해성옵틱스,032703,사진장비 및 광학기기 제조업
1235,220180,핸디소프트,105802,소프트웨어 개발 및 공급업
1236,008800,행남자기,032302,"내화, 비내화 요업제품 제조업"
1237,900270,헝셩그룹,116409,기타 금융업
1238,170030,현대공업,033003,자동차 신품 부품 제조업
1239,048410,현대아이비티,032603,컴퓨터 및 주변장치 제조업
1240,026180,현대정보기술,106201,"컴퓨터 프로그래밍, 시스템 통합 및 관리업"
1241,039010,현대통신,032604,통신 및 방송 장비 제조업
1242,204990,현성바이탈,031007,기타 식품 제조업
1243,092300,현우산업,032602,전자부품 제조업
1244,053660,현진소재,032509,기타 금속 가공제품 제조업
1245,011080,형지I&C,031401,봉제의복 제조업
1246,060560,홈센타홀딩스,116409,기타 금융업
1247,064240,홈캐스트,032605,영상 및 음향기기 제조업
1248,039610,화성밸브,032901,일반 목적용 기계 제조업
1249,126640,화신정공,033003,자동차 신품 부품 제조업
1250,086250,화신테크,032902,특수 목적용 기계 제조업
1251,204630,화이브라더스코리아,189001,창작 및 예술관련 서비스업
1252,061250,화일약품,032102,의약품 제조업
1253,134780,화진,033003,자동차 신품 부품 제조업
1254,097870,효성오앤비,032003,"비료, 농약 및 살균, 살충제 제조업"
1255,050090,휘닉스소재,032602,전자부품 제조업
1256,205470,휴마시스,032103,의료용품 및 기타 의약 관련제품 제조업
1257,115160,휴맥스,032605,영상 및 음향기기 제조업
1258,028080,휴맥스홀딩스,116409,기타 금융업
1259,200670,휴메딕스,032102,의약품 제조업
1260,065510,휴비츠,032701,의료용 기기 제조업
1261,243070,휴온스,032102,의약품 제조업
1262,084110,휴온스글로벌,116409,기타 금융업
1263,145020,휴젤,032101,기초 의약물질 및 생물학적 제제 제조업
1264,024060,흥구석유,074607,기타 전문 도매업
1265,010240,흥국,032902,특수 목적용 기계 제조업
1266,189980,흥국에프엔비,031102,비알코올음료 및 얼음 제조업
1267,037440,희림,137201,"건축기술, 엔지니어링 및 관련 기술 서비스업"
1268,238490,힘스,032902,특수 목적용 기계 제조업
